"Id","R","Rm","Nome","Squadra","Pv","Mv","Fm","Gf","Gs","Rp","Rc","R+","R-","Ass","Amm","Esp","Au"
"572","P","Por","Meret","Napoli","0","0","0","0","0","0","0","0","0","0","0","0","0"
"4312","P","Por","Maignan","Milan","0","0","0","0","0","0","0","0","0","0","0","0","0"
"2814","P","Por","Provedel","Lazio","0","0","0","0","0","0","0","0","0","0","0","0","0"
"453","P","Por","Szczesny","Juventus","0","0","0","0","0","0","0","0","0","0","0","0","0"
"2428","P","Por","Sommer","Inter","0","0","0","0","0","0","0","0","0","0","0","0","0"
"4270","P","Por","Rui Patricio","Roma","0","0","0","0","0","0","0","0","0","0","0","0","0"
"5876","P","Por","Di Gregorio","Monza","0","0","0","0","0","0","0","0","0","0","0","0","0"
"4431","P","Por","Carnesecchi","Atalanta","0","0","0","0","0","0","0","0","0","0","0","0","0"
"133","P","Por","Skorupski","Bologna","0","0","0","0","0","0","0","0","0","0","0","0","0"
"2170","P","Por","Milinkovic-Savic V.","Torino","0","0","0","0","0","0","0","0","0","0","0","0","0"
"2815","P","Por","Terracciano","Fiorentina","0","0","0","0","0","0","0","0","0","0","0","0","0"
"2211","P","Por","Silvestri","Udinese","0","0","0","0","0","0","0","0","0","0","0","0","0"
"6120","P","Por","Ochoa","Salernitana","0","0","0","0","0","0","0","0","0","0","0","0","0"
"3","P","Por","Radunovic","Cagliari","0","0","0","0","0","0","0","0","0","0","0","0","0"
"2134","P","Por","Falcone","Lecce","0","0","0","0","0","0","0","0","0","0","0","0","0"
"5116","P","Por","Martinez Jo.","Genoa","0","0","0","0","0","0","0","0","0","0","0","0","0"
"4360","P","Por","Caprile","Empoli","0","0","0","0","0","0","0","0","0","0","0","0","0"
"4957","P","Por","Montipo'","Verona","0","0","0","0","0","0","0","0","0","0","0","0","0"
"509","P","Por","Consigli","Sassuolo","0","0","0","0","0","0","0","0","0","0","0","0","0"
"4867","P","Por","Turati","Frosinone","0","0","0","0","0","0","0","0","0","0","0","0","0"
"2178","P","Por","Cragno","Sassuolo","0","0","0","0","0","0","0","0","0","0","0","0","0"
"2792","P","Por","Musso","Atalanta","0","0","0","0","0","0","0","0","0","0","0","0","0"
"6403","P","Por","Christensen O.","Fiorentina","0","0","0","0","0","0","0","0","0","0","0","0","0"
"673","P","Por","Perisan","Empoli","0","0","0","0","0","0","0","0","0","0","0","0","0"
"4","P","Por","Sportiello","Milan","0","0","0","0","0","0","0","0","0","0","0","0","0"
"41","P","Por","Mirante","Milan","0","0","0","0","0","0","0","0","0","0","0","0","0"
"159","P","Por","Sepe","Salernitana","0","0","0","0","0","0","0","0","0","0","0","0","0"
"188","P","Por","Leali","Genoa","0","0","0","0","0","0","0","0","0","0","0","0","0"
"217","P","Por","Lamanna","Monza","0","0","0","0","0","0","0","0","0","0","0","0","0"
"218","P","Por","Perin","Juventus","0","0","0","0","0","0","0","0","0","0","0","0","0"
"219","P","Por","Sommariva","Genoa","0","0","0","0","0","0","0","0","0","0","0","0","0"
"510","P","Por","Pegolo","Sassuolo","0","0","0","0","0","0","0","0","0","0","0","0","0"
"511","P","Por","Perilli","Verona","0","0","0","0","0","0","0","0","0","0","0","0","0"
"543","P","Por","Padelli","Udinese","0","0","0","0","0","0","0","0","0","0","0","0","0"
"574","P","Por","Scuffet","Cagliari","0","0","0","0","0","0","0","0","0","0","0","0","0"
"610","P","Por","Gollini","Napoli","0","0","0","0","0","0","0","0","0","0","0","0","0"
"761","P","Por","Audero","Inter","0","0","0","0","0","0","0","0","0","0","0","0","0"
"1926","P","Por","Di Gennaro","Inter","0","0","0","0","0","0","0","0","0","0","0","0","0"
"1930","P","Por","Pinsoglio","Juventus","0","0","0","0","0","0","0","0","0","0","0","0","0"
"1946","P","Por","Aresti","Cagliari","0","0","0","0","0","0","0","0","0","0","0","0","0"
"1947","P","Por","Fiorillo","Salernitana","0","0","0","0","0","0","0","0","0","0","0","0","0"
"2294","P","Por","Cerofolini","Frosinone","0","0","0","0","0","0","0","0","0","0","0","0","0"
"2297","P","Por","Rossi F.","Atalanta","0","0","0","0","0","0","0","0","0","0","0","0","0"
"2338","P","Por","Costil","Salernitana","0","0","0","0","0","0","0","0","0","0","0","0","0"
"2722","P","Por","Ravaglia F.","Bologna","0","0","0","0","0","0","0","0","0","0","0","0","0"
"2845","P","Por","Contini","Napoli","0","0","0","0","0","0","0","0","0","0","0","0","0"
"4351","P","Por","Brancolini","Lecce","0","0","0","0","0","0","0","0","0","0","0","0","0"
"4468","P","Por","Bleve","Lecce","0","0","0","0","0","0","0","0","0","0","0","0","0"
"4491","P","Por","Berardi A.","Verona","0","0","0","0","0","0","0","0","0","0","0","0","0"
"4525","P","Por","Gemello","Torino","0","0","0","0","0","0","0","0","0","0","0","0","0"
"5304","P","Por","Boer","Roma","0","0","0","0","0","0","0","0","0","0","0","0","0"
"5502","P","Por","Adamonis","Lazio","0","0","0","0","0","0","0","0","0","0","0","0","0"
"5707","P","Por","Piana","Udinese","0","0","0","0","0","0","0","0","0","0","0","0","0"
"5822","P","Por","Bagnolini","Bologna","0","0","0","0","0","0","0","0","0","0","0","0","0"
"5832","P","Por","Luis Maximiano","Lazio","0","0","0","0","0","0","0","0","0","0","0","0","0"
"5841","P","Por","Svilar","Roma","0","0","0","0","0","0","0","0","0","0","0","0","0"
"5853","P","Por","Sorrentino A.","Monza","0","0","0","0","0","0","0","0","0","0","0","0","0"
"6184","P","Por","Martinelli T.","Fiorentina","0","0","0","0","0","0","0","0","0","0","0","0","0"
"6210","P","Por","Popa","Torino","0","0","0","0","0","0","0","0","0","0","0","0","0"
"6234","P","Por","Stubljar","Empoli","0","0","0","0","0","0","0","0","0","0","0","0","0"
"6248","P","Por","Stankovic F.","Inter","0","0","0","0","0","0","0","0","0","0","0","0","0"
"6255","P","Por","Gori","Monza","0","0","0","0","0","0","0","0","0","0","0","0","0"
"6406","P","Por","Borbei","Lecce","0","0","0","0","0","0","0","0","0","0","0","0","0"
"6415","P","Por","Palmisani","Frosinone","0","0","0","0","0","0","0","0","0","0","0","0","0"
"254","D","E","Dimarco","Inter","0","0","0","0","0","0","0","0","0","0","0","0","0"
"2816","D","Dd;E","Di Lorenzo","Napoli","0","0","0","0","0","0","0","0","0","0","0","0","0"
"4292","D","Ds;E","Hernandez T.","Milan","0","0","0","0","0","0","0","0","0","0","0","0","0"
"5877","D","E","Carlos Augusto","Inter","0","0","0","0","0","0","0","0","0","0","0","0","0"
"6066","D","Dd;Dc","Posch","Bologna","0","0","0","0","0","0","0","0","0","0","0","0","0"
"554","D","E","Zappacosta","Atalanta","0","0","0","0","0","0","0","0","0","0","0","0","0"
"4237","D","Dd;Ds;Dc","Danilo","Juventus","0","0","0","0","0","0","0","0","0","0","0","0","0"
"4245","D","Dc","Smalling","Roma","0","0","0","0","0","0","0","0","0","0","0","0","0"
"4409","D","Dc","Rrahmani","Napoli","0","0","0","0","0","0","0","0","0","0","0","0","0"
"6041","D","Dc","Schuurs","Torino","0","0","0","0","0","0","0","0","0","0","0","0","0"
"460","D","Dc","Romagnoli","Lazio","0","0","0","0","0","0","0","0","0","0","0","0","0"
"2120","D","Dc","Bastoni","Inter","0","0","0","0","0","0","0","0","0","0","0","0","0"
"2788","D","Dc","Bremer","Juventus","0","0","0","0","0","0","0","0","0","0","0","0","0"
"4751","D","Dc","Tomori","Milan","0","0","0","0","0","0","0","0","0","0","0","0","0"
"5067","D","E","Bakker","Atalanta","0","0","0","0","0","0","0","0","0","0","0","0","0"
"5481","D","Dd;Ds;E","Mazzocchi","Salernitana","0","0","0","0","0","0","0","0","0","0","0","0","0"
"5513","D","E","Dumfries","Inter","0","0","0","0","0","0","0","0","0","0","0","0","0"
"513","D","Dc","Acerbi","Inter","0","0","0","0","0","0","0","0","0","0","0","0","0"
"2296","D","Dc","Mancini","Roma","0","0","0","0","0","0","0","0","0","0","0","0","0"
"2525","D","Dd;Dc","Darmian","Inter","0","0","0","0","0","0","0","0","0","0","0","0","0"
"2724","D","Dc","Buongiorno","Torino","0","0","0","0","0","0","0","0","0","0","0","0","0"
"5375","D","E","Maehle","Atalanta","0","0","0","0","0","0","0","0","0","0","0","0","0"
"5480","D","Dd;E","Ebuehi","Empoli","0","0","0","0","0","0","0","0","0","0","0","0","0"
"5851","D","Ds;E","Doig","Verona","0","0","0","0","0","0","0","0","0","0","0","0","0"
"142","D","Ds;E","Mario Rui","Napoli","0","0","0","0","0","0","0","0","0","0","0","0","0"
"252","D","Ds;E","Biraghi","Fiorentina","0","0","0","0","0","0","0","0","0","0","0","0","0"
"1852","D","E","Spinazzola","Roma","0","0","0","0","0","0","0","0","0","0","0","0","0"
"2164","D","Dc","Milenkovic","Fiorentina","0","0","0","0","0","0","0","0","0","0","0","0","0"
"5498","D","Dc","Casale","Lazio","0","0","0","0","0","0","0","0","0","0","0","0","0"
"5835","D","Dd;Dc","Baschirotto","Lecce","0","0","0","0","0","0","0","0","0","0","0","0","0"
"6055","D","Dc","Thiaw","Milan","0","0","0","0","0","0","0","0","0","0","0","0","0"
"357","D","Dd;E","Calabria","Milan","0","0","0","0","0","0","0","0","0","0","0","0","0"
"581","D","Dd;E","Faraoni","Verona","0","0","0","0","0","0","0","0","0","0","0","0","0"
"695","D","Dc","Toloi","Atalanta","0","0","0","0","0","0","0","0","0","0","0","0","0"
"697","D","E","Cuadrado","Inter","0","0","0","0","0","0","0","0","0","0","0","0","0"
"2160","D","E","Gosens","Inter","0","0","0","0","0","0","0","0","0","0","0","0","0"
"2640","D","Ds;Dc","Kolasinac","Atalanta","0","0","0","0","0","0","0","0","0","0","0","0","0"
"4317","D","Dc","N'dicka","Roma","0","0","0","0","0","0","0","0","0","0","0","0","0"
"4530","D","Ds;E","Kyriakopoulos","Monza","0","0","0","0","0","0","0","0","0","0","0","0","0"
"4904","D","Dc","Mari'","Monza","0","0","0","0","0","0","0","0","0","0","0","0","0"
"5526","D","Dc","Scalvini","Atalanta","0","0","0","0","0","0","0","0","0","0","0","0","0"
"5677","D","Dc","Perez N.","Udinese","0","0","0","0","0","0","0","0","0","0","0","0","0"
"5847","D","Dc","Bijol","Udinese","0","0","0","0","0","0","0","0","0","0","0","0","0"
"6220","D","Dd;E","Kristensen","Roma","0","0","0","0","0","0","0","0","0","0","0","0","0"
"6396","D","Dc","Natan","Napoli","0","0","0","0","0","0","0","0","0","0","0","0","0"
"226","D","Dc","Izzo","Monza","0","0","0","0","0","0","0","0","0","0","0","0","0"
"393","D","Dc","Luperto","Empoli","0","0","0","0","0","0","0","0","0","0","0","0","0"
"2169","D","Ds;Dc","Rodriguez R.","Torino","0","0","0","0","0","0","0","0","0","0","0","0","0"
"2593","D","Ds;E","Martin","Genoa","0","0","0","0","0","0","0","0","0","0","0","0","0"
"4210","D","Dc","Mina","Fiorentina","0","0","0","0","0","0","0","0","0","0","0","0","0"
"4332","D","Dc","Demiral","Atalanta","0","0","0","0","0","0","0","0","0","0","0","0","0"
"4887","D","Dd;E","Bellanova","Torino","0","0","0","0","0","0","0","0","0","0","0","0","0"
"4899","D","E","Singo","Torino","0","0","0","0","0","0","0","0","0","0","0","0","0"
"5449","D","Ds;E","Parisi","Fiorentina","0","0","0","0","0","0","0","0","0","0","0","0","0"
"5885","D","Dd;E","Dodo'","Fiorentina","0","0","0","0","0","0","0","0","0","0","0","0","0"
"6046","D","Dc","Hien","Verona","0","0","0","0","0","0","0","0","0","0","0","0","0"
"140","D","Dd;Ds;E","Hysaj","Lazio","0","0","0","0","0","0","0","0","0","0","0","0","0"
"253","D","Dd;Ds;Dc","D'ambrosio","Monza","0","0","0","0","0","0","0","0","0","0","0","0","0"
"787","D","Dc","Djimsiti","Atalanta","0","0","0","0","0","0","0","0","0","0","0","0","0"
"2130","D","E","Hateboer","Atalanta","0","0","0","0","0","0","0","0","0","0","0","0","0"
"2181","D","Dc","Palomino","Atalanta","0","0","0","0","0","0","0","0","0","0","0","0","0"
"2188","D","Dd;Ds;E","Marusic","Lazio","0","0","0","0","0","0","0","0","0","0","0","0","0"
"4331","D","Dc","Ibanez","Roma","0","0","0","0","0","0","0","0","0","0","0","0","0"
"4958","D","Ds;Dc","Caldirola","Monza","0","0","0","0","0","0","0","0","0","0","0","0","0"
"4976","D","Dd;Dc","Kalulu","Milan","0","0","0","0","0","0","0","0","0","0","0","0","0"
"5532","D","Ds;E","Bradaric","Salernitana","0","0","0","0","0","0","0","0","0","0","0","0","0"
"5840","D","Ds;E","Olivera","Napoli","0","0","0","0","0","0","0","0","0","0","0","0","0"
"6042","D","Dc","Lucumi'","Bologna","0","0","0","0","0","0","0","0","0","0","0","0","0"
"49","D","Ds;Dc","Masina","Udinese","0","0","0","0","0","0","0","0","0","0","0","0","0"
"322","D","Dc","De Vrij","Inter","0","0","0","0","0","0","0","0","0","0","0","0","0"
"660","D","Dc","Gyomber","Salernitana","0","0","0","0","0","0","0","0","0","0","0","0","0"
"662","D","Ds;Dc","Alex Sandro","Juventus","0","0","0","0","0","0","0","0","0","0","0","0","0"
"2318","D","Ds;E","Rogerio","Sassuolo","0","0","0","0","0","0","0","0","0","0","0","0","0"
"2869","D","Dc","Djidji","Torino","0","0","0","0","0","0","0","0","0","0","0","0","0"
"4426","D","Dd;E","Toljan","Sassuolo","0","0","0","0","0","0","0","0","0","0","0","0","0"
"4461","D","Dd;E","Zappa","Cagliari","0","0","0","0","0","0","0","0","0","0","0","0","0"
"4994","D","E","Vojvoda","Torino","0","0","0","0","0","0","0","0","0","0","0","0","0"
"5239","D","Dc","Llorente D.","Roma","0","0","0","0","0","0","0","0","0","0","0","0","0"
"5323","D","Dc","Martinez Quarta","Fiorentina","0","0","0","0","0","0","0","0","0","0","0","0","0"
"5365","D","Dd;Dc","Dragusin","Genoa","0","0","0","0","0","0","0","0","0","0","0","0","0"
"5555","D","Ds;E","Kamara H.","Udinese","0","0","0","0","0","0","0","0","0","0","0","0","0"
"5718","D","Dc","Viti","Sassuolo","0","0","0","0","0","0","0","0","0","0","0","0","0"
"5831","D","Dc","Gatti","Juventus","0","0","0","0","0","0","0","0","0","0","0","0","0"
"5867","D","Dd;E","Gendrey","Lecce","0","0","0","0","0","0","0","0","0","0","0","0","0"
"6202","D","Dc","Beukema","Bologna","0","0","0","0","0","0","0","0","0","0","0","0","0"
"6230","D","Dc","Dossena","Cagliari","0","0","0","0","0","0","0","0","0","0","0","0","0"
"76","D","Dc","Romagnoli S.","Frosinone","0","0","0","0","0","0","0","0","0","0","0","0","0"
"256","D","Ds;Dc","Juan Jesus","Napoli","0","0","0","0","0","0","0","0","0","0","0","0","0"
"327","D","Dd;Dc","Patric","Lazio","0","0","0","0","0","0","0","0","0","0","0","0","0"
"770","D","Ds;E","Pezzella Giu.","Empoli","0","0","0","0","0","0","0","0","0","0","0","0","0"
"2252","D","Ds;Dc","Marchizza","Frosinone","0","0","0","0","0","0","0","0","0","0","0","0","0"
"2263","D","Dd;E","Lazzari","Lazio","0","0","0","0","0","0","0","0","0","0","0","0","0"
"2653","D","Ds;E","Lykogiannis","Bologna","0","0","0","0","0","0","0","0","0","0","0","0","0"
"4263","D","Dc","Kabasele","Udinese","0","0","0","0","0","0","0","0","0","0","0","0","0"
"4378","D","Ds;Dc","Ranieri L.","Fiorentina","0","0","0","0","0","0","0","0","0","0","0","0","0"
"4421","D","Ds;E","Augello","Cagliari","0","0","0","0","0","0","0","0","0","0","0","0","0"
"4502","D","Ds;E","Gallo","Lecce","0","0","0","0","0","0","0","0","0","0","0","0","0"
"4897","D","Dc","Pirola","Salernitana","0","0","0","0","0","0","0","0","0","0","0","0","0"
"4982","D","Dc","Erlic","Sassuolo","0","0","0","0","0","0","0","0","0","0","0","0","0"
"5010","D","Dc","Ismajli","Empoli","0","0","0","0","0","0","0","0","0","0","0","0","0"
"5520","D","Dd;Ds;E","Cambiaso","Juventus","0","0","0","0","0","0","0","0","0","0","0","0","0"
"5603","D","Dc","Pongracic","Lecce","0","0","0","0","0","0","0","0","0","0","0","0","0"
"5701","D","Dc","Obert","Cagliari","0","0","0","0","0","0","0","0","0","0","0","0","0"
"5747","D","Dc","Tressoldi","Sassuolo","0","0","0","0","0","0","0","0","0","0","0","0","0"
"5838","D","Dd;Ds;E","Birindelli","Monza","0","0","0","0","0","0","0","0","0","0","0","0","0"
"6047","D","Dd;E","Ehizibue","Udinese","0","0","0","0","0","0","0","0","0","0","0","0","0"
"6211","D","Ds;E","Zemura","Udinese","0","0","0","0","0","0","0","0","0","0","0","0","0"
"6231","D","Ds;E","Azzi","Cagliari","0","0","0","0","0","0","0","0","0","0","0","0","0"
"6245","D","Dd;Dc","Vogliacco","Genoa","0","0","0","0","0","0","0","0","0","0","0","0","0"
"286","D","Dc","Bonucci","Juventus","0","0","0","0","0","0","0","0","0","0","0","0","0"
"791","D","Dd;Ds;E","Sabelli","Genoa","0","0","0","0","0","0","0","0","0","0","0","0","0"
"1891","D","Dd;Dc","Ceccherini","Verona","0","0","0","0","0","0","0","0","0","0","0","0","0"
"1895","D","Dc","Ferrari G.","Sassuolo","0","0","0","0","0","0","0","0","0","0","0","0","0"
"2174","D","Dd;Ds;E","Venuti","Lecce","0","0","0","0","0","0","0","0","0","0","0","0","0"
"2633","D","Dc","Kjaer","Milan","0","0","0","0","0","0","0","0","0","0","0","0","0"
"2728","D","Ds;E","Pellegrini Lu.","Lazio","0","0","0","0","0","0","0","0","0","0","0","0","0"
"2758","D","Dc","Gunter","Verona","0","0","0","0","0","0","0","0","0","0","0","0","0"
"4385","D","E","Lazaro","Inter","0","0","0","0","0","0","0","0","0","0","0","0","0"
"4493","D","Dc","Dawidowicz","Verona","0","0","0","0","0","0","0","0","0","0","0","0","0"
"4891","D","Dc","Soumaoro","Bologna","0","0","0","0","0","0","0","0","0","0","0","0","0"
"4934","D","Dc","Lovato","Salernitana","0","0","0","0","0","0","0","0","0","0","0","0","0"
"5509","D","Ds;E","Vina","Sassuolo","0","0","0","0","0","0","0","0","0","0","0","0","0"
"5514","D","Ds;Dc","Vasquez","Genoa","0","0","0","0","0","0","0","0","0","0","0","0","0"
"5527","D","Dd;E","Zanoli","Napoli","0","0","0","0","0","0","0","0","0","0","0","0","0"
"5750","D","Dc","Ostigard","Napoli","0","0","0","0","0","0","0","0","0","0","0","0","0"
"5848","D","Dd;E","Ebosele","Udinese","0","0","0","0","0","0","0","0","0","0","0","0","0"
"5856","D","Dd;E","Sambia","Salernitana","0","0","0","0","0","0","0","0","0","0","0","0","0"
"6217","D","Dc","Bisseck","Inter","0","0","0","0","0","0","0","0","0","0","0","0","0"
"294","D","Dc","Rugani","Juventus","0","0","0","0","0","0","0","0","0","0","0","0","0"
"358","D","Dd;Ds;E","De Sciglio","Juventus","0","0","0","0","0","0","0","0","0","0","0","0","0"
"418","D","Dc","Goldaniga","Cagliari","0","0","0","0","0","0","0","0","0","0","0","0","0"
"464","D","Dd;Ds;E","Florenzi","Milan","0","0","0","0","0","0","0","0","0","0","0","0","0"
"2083","D","Dd;Dc","Biraschi","Genoa","0","0","0","0","0","0","0","0","0","0","0","0","0"
"2192","D","Dc","Bonifazi","Bologna","0","0","0","0","0","0","0","0","0","0","0","0","0"
"2285","D","Dc","Bani","Genoa","0","0","0","0","0","0","0","0","0","0","0","0","0"
"2769","D","Dc","Magnani","Verona","0","0","0","0","0","0","0","0","0","0","0","0","0"
"4374","D","Dc","Walukiewicz","Empoli","0","0","0","0","0","0","0","0","0","0","0","0","0"
"4433","D","Dd;Ds;E","Zortea","Atalanta","0","0","0","0","0","0","0","0","0","0","0","0","0"
"4495","D","Dc","Kumbulla","Roma","0","0","0","0","0","0","0","0","0","0","0","0","0"
"4657","D","Dd;E","Celik","Roma","0","0","0","0","0","0","0","0","0","0","0","0","0"
"4925","D","Ds;Dc","Carboni A.","Monza","0","0","0","0","0","0","0","0","0","0","0","0","0"
"5316","D","Ds;Dc","Amione","Verona","0","0","0","0","0","0","0","0","0","0","0","0","0"
"5354","D","Ds;E","Ruggeri","Atalanta","0","0","0","0","0","0","0","0","0","0","0","0","0"
"5447","D","Dc","Altare","Cagliari","0","0","0","0","0","0","0","0","0","0","0","0","0"
"5450","D","Dd;E","Stojanovic","Empoli","0","0","0","0","0","0","0","0","0","0","0","0","0"
"5554","D","Dd;Dc","Daniliuc","Salernitana","0","0","0","0","0","0","0","0","0","0","0","0","0"
"5691","D","Dc","Zima","Torino","0","0","0","0","0","0","0","0","0","0","0","0","0"
"5739","D","Dd;Dc","De Winter","Genoa","0","0","0","0","0","0","0","0","0","0","0","0","0"
"5748","D","Dd;E","Hefti","Genoa","0","0","0","0","0","0","0","0","0","0","0","0","0"
"5757","D","Dc","Cittadini","Monza","0","0","0","0","0","0","0","0","0","0","0","0","0"
"5804","D","Ds;E","Cacace","Empoli","0","0","0","0","0","0","0","0","0","0","0","0","0"
"5812","D","Dd;E","Terracciano F.","Verona","0","0","0","0","0","0","0","0","0","0","0","0","0"
"5994","D","Ds;Dc","Ebosse","Udinese","0","0","0","0","0","0","0","0","0","0","0","0","0"
"6039","D","Ds;Dc","Cabal","Verona","0","0","0","0","0","0","0","0","0","0","0","0","0"
"487","D","Dd;E","De Silvestri","Bologna","0","0","0","0","0","0","0","0","0","0","0","0","0"
"2016","D","Dc","Fazio","Salernitana","0","0","0","0","0","0","0","0","0","0","0","0","0"
"2180","D","Dd;E","Karsdorp","Roma","0","0","0","0","0","0","0","0","0","0","0","0","0"
"4432","D","Dc","Okoli","Atalanta","0","0","0","0","0","0","0","0","0","0","0","0","0"
"5017","D","Ds;E","Ballo-Toure'","Milan","0","0","0","0","0","0","0","0","0","0","0","0","0"
"5406","D","Dd;E","Di Pardo","Cagliari","0","0","0","0","0","0","0","0","0","0","0","0","0"
"5686","D","E","Soppy","Atalanta","0","0","0","0","0","0","0","0","0","0","0","0","0"
"5764","D","Dc","Coppola D.","Verona","0","0","0","0","0","0","0","0","0","0","0","0","0"
"6028","D","Dd;Dc","Bronn","Salernitana","0","0","0","0","0","0","0","0","0","0","0","0","0"
"6043","D","Dc","Sosa","Bologna","0","0","0","0","0","0","0","0","0","0","0","0","0"
"6401","D","Dc","Gonzalez F.","Juventus","0","0","0","0","0","0","0","0","0","0","0","0","0"
"139","D","Dc","Dermaku","Lecce","0","0","0","0","0","0","0","0","0","0","0","0","0"
"144","D","Dc","Tonelli","Empoli","0","0","0","0","0","0","0","0","0","0","0","0","0"
"454","D","Dc","Capradossi","Cagliari","0","0","0","0","0","0","0","0","0","0","0","0","0"
"1876","D","Ds;E","Pajac","Genoa","0","0","0","0","0","0","0","0","0","0","0","0","0"
"4952","D","Dc","Monterisi","Frosinone","0","0","0","0","0","0","0","0","0","0","0","0","0"
"5399","D","Dc","Antov","Monza","0","0","0","0","0","0","0","0","0","0","0","0","0"
"5424","D","Dd;Dc","Amey","Bologna","0","0","0","0","0","0","0","0","0","0","0","0","0"
"5833","D","Dc","Gila","Lazio","0","0","0","0","0","0","0","0","0","0","0","0","0"
"6021","D","Dd;Dc","Abankwah","Udinese","0","0","0","0","0","0","0","0","0","0","0","0","0"
"6023","D","Dc","Guessand A.","Udinese","0","0","0","0","0","0","0","0","0","0","0","0","0"
"6056","D","Dc","Guarino","Empoli","0","0","0","0","0","0","0","0","0","0","0","0","0"
"6149","D","Ds;E","Carboni F.","Monza","0","0","0","0","0","0","0","0","0","0","0","0","0"
"6189","D","Dd;E","Missori","Sassuolo","0","0","0","0","0","0","0","0","0","0","0","0","0"
"6208","D","Dc","Flamingo","Sassuolo","0","0","0","0","0","0","0","0","0","0","0","0","0"
"6223","D","Dc","Smajlovic","Lecce","0","0","0","0","0","0","0","0","0","0","0","0","0"
"6235","D","Dd;Ds;E","Kayode","Fiorentina","0","0","0","0","0","0","0","0","0","0","0","0","0"
"6237","D","Dc","Szyminski","Frosinone","0","0","0","0","0","0","0","0","0","0","0","0","0"
"6238","D","Dd;Ds;Dc","Oyono","Frosinone","0","0","0","0","0","0","0","0","0","0","0","0","0"
"6239","D","Ds;E","Klitten","Frosinone","0","0","0","0","0","0","0","0","0","0","0","0","0"
"6244","D","Dc","Matturro","Genoa","0","0","0","0","0","0","0","0","0","0","0","0","0"
"6253","D","Dc","N'guessan","Torino","0","0","0","0","0","0","0","0","0","0","0","0","0"
"6256","D","Dd;E","Ferreira J.","Udinese","0","0","0","0","0","0","0","0","0","0","0","0","0"
"6257","D","Ds;E","Dorgu","Lecce","0","0","0","0","0","0","0","0","0","0","0","0","0"
"6407","D","Dd;Ds;E","Corazza","Bologna","0","0","0","0","0","0","0","0","0","0","0","0","0"
"6411","D","Dc","Mateus Lusuardi","Frosinone","0","0","0","0","0","0","0","0","0","0","0","0","0"
"6430","D","Dc","Kalaj","Frosinone","0","0","0","0","0","0","0","0","0","0","0","0","0"
"6432","D","Dd;Ds;E","Pierozzi","Fiorentina","0","0","0","0","0","0","0","0","0","0","0","0","0"
"6433","D","Dc","Huijsen","Juventus","0","0","0","0","0","0","0","0","0","0","0","0","0"
"632","C","W;A","Zaccagni","Lazio","0","0","0","0","0","0","0","0","0","0","0","0","0"
"5685","C","C;T","Koopmeiners","Atalanta","0","0","0","0","0","0","0","0","0","0","0","0","0"
"335","C","W;A","Felipe Anderson","Lazio","0","0","0","0","0","0","0","0","0","0","0","0","0"
"2379","C","C","Rabiot","Juventus","0","0","0","0","0","0","0","0","0","0","0","0","0"
"2085","C","C;T","Luis Alberto","Lazio","0","0","0","0","0","0","0","0","0","0","0","0","0"
"2167","C","W","Orsolini","Bologna","0","0","0","0","0","0","0","0","0","0","0","0","0"
"152","C","C;T","Zielinski","Napoli","0","0","0","0","0","0","0","0","0","0","0","0","0"
"1870","C","C","Barella","Inter","0","0","0","0","0","0","0","0","0","0","0","0","0"
"4856","C","W;A","Chukwueze","Milan","0","0","0","0","0","0","0","0","0","0","0","0","0"
"2423","C","T;A","Pulisic","Milan","0","0","0","0","0","0","0","0","0","0","0","0","0"
"4486","C","W","Strefezza","Lecce","0","0","0","0","0","0","0","0","0","0","0","0","0"
"5687","C","W;T","Vlasic","Torino","0","0","0","0","0","0","0","0","0","0","0","0","0"
"2848","C","C","Frattesi","Inter","0","0","0","0","0","0","0","0","0","0","0","0","0"
"4427","C","T","Malinovskyi","Genoa","0","0","0","0","0","0","0","0","0","0","0","0","0"
"5858","C","C;T","Ferguson","Bologna","0","0","0","0","0","0","0","0","0","0","0","0","0"
"530","C","C;T","Pellegrini Lo.","Roma","0","0","0","0","0","0","0","0","0","0","0","0","0"
"795","C","W;A","El Shaarawy","Roma","0","0","0","0","0","0","0","0","0","0","0","0","0"
"2194","C","M;C","Calhanoglu","Inter","0","0","0","0","0","0","0","0","0","0","0","0","0"
"5119","C","C;T","Samardzic","Udinese","0","0","0","0","0","0","0","0","0","0","0","0","0"
"236","C","E;W","Lazovic","Verona","0","0","0","0","0","0","0","0","0","0","0","0","0"
"332","C","W","Candreva","Salernitana","0","0","0","0","0","0","0","0","0","0","0","0","0"
"4142","C","C;T","Aouar","Roma","0","0","0","0","0","0","0","0","0","0","0","0","0"
"4479","C","C;W;T","Elmas","Napoli","0","0","0","0","0","0","0","0","0","0","0","0","0"
"4711","C","E;W","Kostic","Juventus","0","0","0","0","0","0","0","0","0","0","0","0","0"
"5823","C","T;A","Baldanzi","Empoli","0","0","0","0","0","0","0","0","0","0","0","0","0"
"5850","C","C;T","Lovric","Udinese","0","0","0","0","0","0","0","0","0","0","0","0","0"
"5948","C","C;T","Kamada","Lazio","0","0","0","0","0","0","0","0","0","0","0","0","0"
"367","C","C;T","Bonaventura","Fiorentina","0","0","0","0","0","0","0","0","0","0","0","0","0"
"536","C","W","Politano","Napoli","0","0","0","0","0","0","0","0","0","0","0","0","0"
"2077","C","T","Pasalic","Atalanta","0","0","0","0","0","0","0","0","0","0","0","0","0"
"2741","C","C;T","Pessina","Monza","0","0","0","0","0","0","0","0","0","0","0","0","0"
"4220","C","M;C","Zambo Anguissa","Napoli","0","0","0","0","0","0","0","0","0","0","0","0","0"
"5800","C","T;A","Gudmundsson A.","Genoa","0","0","0","0","0","0","0","0","0","0","0","0","0"
"5880","C","E;W","Ciurria","Monza","0","0","0","0","0","0","0","0","0","0","0","0","0"
"2529","C","C;T","Mkhitaryan","Inter","0","0","0","0","0","0","0","0","0","0","0","0","0"
"2543","C","C","Renato Sanches","Roma","0","0","0","0","0","0","0","0","0","0","0","0","0"
"4199","C","C","Loftus-Cheek","Milan","0","0","0","0","0","0","0","0","0","0","0","0","0"
"4287","C","M;C","Lobotka","Napoli","0","0","0","0","0","0","0","0","0","0","0","0","0"
"4465","C","C;T","Fagioli","Juventus","0","0","0","0","0","0","0","0","0","0","0","0","0"
"4658","C","W","Ikone'","Fiorentina","0","0","0","0","0","0","0","0","0","0","0","0","0"
"5451","C","T","Bajrami","Sassuolo","0","0","0","0","0","0","0","0","0","0","0","0","0"
"5453","C","M;C","Ricci S.","Torino","0","0","0","0","0","0","0","0","0","0","0","0","0"
"303","C","C;T","Pogba","Juventus","0","0","0","0","0","0","0","0","0","0","0","0","0"
"827","C","M;C","Locatelli","Juventus","0","0","0","0","0","0","0","0","0","0","0","0","0"
"2172","C","T","Barak","Fiorentina","0","0","0","0","0","0","0","0","0","0","0","0","0"
"4869","C","M;C","Dominguez","Bologna","0","0","0","0","0","0","0","0","0","0","0","0","0"
"5007","C","C","Ilic","Torino","0","0","0","0","0","0","0","0","0","0","0","0","0"
"5564","C","W;A","Ndoye","Bologna","0","0","0","0","0","0","0","0","0","0","0","0","0"
"6224","C","M;C","Reijnders","Milan","0","0","0","0","0","0","0","0","0","0","0","0","0"
"22","C","M;C","De Roon","Atalanta","0","0","0","0","0","0","0","0","0","0","0","0","0"
"150","C","W;T","Saponara","Verona","0","0","0","0","0","0","0","0","0","0","0","0","0"
"5063","C","W","Radonjic","Torino","0","0","0","0","0","0","0","0","0","0","0","0","0"
"2818","C","M;C","Bennacer","Milan","0","0","0","0","0","0","0","0","0","0","0","0","0"
"4377","C","C;T","Castrovilli","Fiorentina","0","0","0","0","0","0","0","0","0","0","0","0","0"
"4662","C","E;W","Weah","Juventus","0","0","0","0","0","0","0","0","0","0","0","0","0"
"5001","C","T;A","Miranchuk","Atalanta","0","0","0","0","0","0","0","0","0","0","0","0","0"
"5792","C","C;T","Ederson D.s.","Atalanta","0","0","0","0","0","0","0","0","0","0","0","0","0"
"5870","C","M;C","Hjulmand","Lecce","0","0","0","0","0","0","0","0","0","0","0","0","0"
"6216","C","W","Mboula","Verona","0","0","0","0","0","0","0","0","0","0","0","0","0"
"779","C","M;C","Cristante","Roma","0","0","0","0","0","0","0","0","0","0","0","0","0"
"1933","C","M;C","Mandragora","Fiorentina","0","0","0","0","0","0","0","0","0","0","0","0","0"
"2528","C","M;C","Matic","Roma","0","0","0","0","0","0","0","0","0","0","0","0","0"
"4404","C","M;C","Thorsby","Genoa","0","0","0","0","0","0","0","0","0","0","0","0","0"
"4970","C","W","Messias","Genoa","0","0","0","0","0","0","0","0","0","0","0","0","0"
"5295","C","C","Musah","Milan","0","0","0","0","0","0","0","0","0","0","0","0","0"
"5511","C","C","Matheus Henrique","Sassuolo","0","0","0","0","0","0","0","0","0","0","0","0","0"
"5788","C","T;A","Sabiri","Fiorentina","0","0","0","0","0","0","0","0","0","0","0","0","0"
"5878","C","C;T","Colpani","Monza","0","0","0","0","0","0","0","0","0","0","0","0","0"
"376","C","W;T","Verdi","Torino","0","0","0","0","0","0","0","0","0","0","0","0","0"
"2839","C","W","Sottil","Fiorentina","0","0","0","0","0","0","0","0","0","0","0","0","0"
"4393","C","M;C","Schouten","Bologna","0","0","0","0","0","0","0","0","0","0","0","0","0"
"4681","C","M;C","Lopez M.","Sassuolo","0","0","0","0","0","0","0","0","0","0","0","0","0"
"4890","C","M;C","Tameze","Torino","0","0","0","0","0","0","0","0","0","0","0","0","0"
"4965","C","M;C","Marin","Empoli","0","0","0","0","0","0","0","0","0","0","0","0","0"
"4973","C","C","Mckennie","Juventus","0","0","0","0","0","0","0","0","0","0","0","0","0"
"4992","C","W;A","Gyasi","Empoli","0","0","0","0","0","0","0","0","0","0","0","0","0"
"5422","C","E","Zalewski","Roma","0","0","0","0","0","0","0","0","0","0","0","0","0"
"5504","C","M;C","Coulibaly L.","Salernitana","0","0","0","0","0","0","0","0","0","0","0","0","0"
"65","C","T","Mancosu","Cagliari","0","0","0","0","0","0","0","0","0","0","0","0","0"
"333","C","M;C","Cataldi","Lazio","0","0","0","0","0","0","0","0","0","0","0","0","0"
"468","C","M;C","Paredes","Roma","0","0","0","0","0","0","0","0","0","0","0","0","0"
"1978","C","C;T","Sensi","Inter","0","0","0","0","0","0","0","0","0","0","0","0","0"
"1987","C","E;C","Jankto","Cagliari","0","0","0","0","0","0","0","0","0","0","0","0","0"
"2117","C","C;T","Kastanos","Salernitana","0","0","0","0","0","0","0","0","0","0","0","0","0"
"2392","C","M;C","Walace","Udinese","0","0","0","0","0","0","0","0","0","0","0","0","0"
"4285","C","M;C","Arthur Melo","Fiorentina","0","0","0","0","0","0","0","0","0","0","0","0","0"
"4514","C","E;C","Nandez","Cagliari","0","0","0","0","0","0","0","0","0","0","0","0","0"
"4522","C","M;C","Amrabat","Fiorentina","0","0","0","0","0","0","0","0","0","0","0","0","0"
"5995","C","T","De Ketelaere","Atalanta","0","0","0","0","0","0","0","0","0","0","0","0","0"
"5999","C","C","Gonzalez J.","Lecce","0","0","0","0","0","0","0","0","0","0","0","0","0"
"6402","C","M;C","Cajuste ","Napoli","0","0","0","0","0","0","0","0","0","0","0","0","0"
"148","C","M;C","Krunic","Milan","0","0","0","0","0","0","0","0","0","0","0","0","0"
"181","C","M;C","Vecino","Lazio","0","0","0","0","0","0","0","0","0","0","0","0","0"
"470","C","M;C","Strootman","Genoa","0","0","0","0","0","0","0","0","0","0","0","0","0"
"801","C","M;C","Gagliardini","Monza","0","0","0","0","0","0","0","0","0","0","0","0","0"
"4342","C","C;T","Duda","Verona","0","0","0","0","0","0","0","0","0","0","0","0","0"
"5844","C","C;T","Thorstvedt","Sassuolo","0","0","0","0","0","0","0","0","0","0","0","0","0"
"5869","C","M;C","Blin","Lecce","0","0","0","0","0","0","0","0","0","0","0","0","0"
"6010","C","C;T","Fazzini","Empoli","0","0","0","0","0","0","0","0","0","0","0","0","0"
"6054","C","M;C","Moro N.","Bologna","0","0","0","0","0","0","0","0","0","0","0","0","0"
"6219","C","M;C","Boloca","Sassuolo","0","0","0","0","0","0","0","0","0","0","0","0","0"
"6394","C","M;C","Ramadani","Lecce","0","0","0","0","0","0","0","0","0","0","0","0","0"
"27","C","M","Grassi","Empoli","0","0","0","0","0","0","0","0","0","0","0","0","0"
"170","C","M;C","Badelj","Genoa","0","0","0","0","0","0","0","0","0","0","0","0","0"
"526","C","C","Duncan","Fiorentina","0","0","0","0","0","0","0","0","0","0","0","0","0"
"666","C","C","Machin","Monza","0","0","0","0","0","0","0","0","0","0","0","0","0"
"2008","C","M;C","Linetty","Torino","0","0","0","0","0","0","0","0","0","0","0","0","0"
"4459","C","M;C","Rovella","Lazio","0","0","0","0","0","0","0","0","0","0","0","0","0"
"4892","C","W","Saelemaekers","Milan","0","0","0","0","0","0","0","0","0","0","0","0","0"
"4896","C","T;A","Maldini","Empoli","0","0","0","0","0","0","0","0","0","0","0","0","0"
"4947","C","M;C","Brescianini","Frosinone","0","0","0","0","0","0","0","0","0","0","0","0","0"
"5298","C","C","Pobega","Milan","0","0","0","0","0","0","0","0","0","0","0","0","0"
"5423","C","C","Bove","Roma","0","0","0","0","0","0","0","0","0","0","0","0","0"
"5457","C","C","Maleh","Lecce","0","0","0","0","0","0","0","0","0","0","0","0","0"
"5784","C","C;W;T","Aebischer","Bologna","0","0","0","0","0","0","0","0","0","0","0","0","0"
"5791","C","E;M","Frendrup","Genoa","0","0","0","0","0","0","0","0","0","0","0","0","0"
"5813","C","C;T","Miretti","Juventus","0","0","0","0","0","0","0","0","0","0","0","0","0"
"5834","C","M;C","Marcos Antonio","Lazio","0","0","0","0","0","0","0","0","0","0","0","0","0"
"5884","C","C","Ranocchia F.","Empoli","0","0","0","0","0","0","0","0","0","0","0","0","0"
"6206","C","C","Fabbian","Inter","0","0","0","0","0","0","0","0","0","0","0","0","0"
"6232","C","M;C","Makoumbou","Cagliari","0","0","0","0","0","0","0","0","0","0","0","0","0"
"6393","C","W;T","Infantino","Fiorentina","0","0","0","0","0","0","0","0","0","0","0","0","0"
"6410","C","M;C","Kaba","Lecce","0","0","0","0","0","0","0","0","0","0","0","0","0"
"1871","C","M;C","Deiola","Cagliari","0","0","0","0","0","0","0","0","0","0","0","0","0"
"1976","C","M;C","Mazzitelli","Frosinone","0","0","0","0","0","0","0","0","0","0","0","0","0"
"1980","C","W;T","Aramu","Genoa","0","0","0","0","0","0","0","0","0","0","0","0","0"
"2161","C","M;C","Haas","Empoli","0","0","0","0","0","0","0","0","0","0","0","0","0"
"4787","C","C;W;T","Quina","Udinese","0","0","0","0","0","0","0","0","0","0","0","0","0"
"5267","C","M;C","Racic","Sassuolo","0","0","0","0","0","0","0","0","0","0","0","0","0"
"5499","C","M;C","Hongla","Verona","0","0","0","0","0","0","0","0","0","0","0","0","0"
"5510","C","W","Romero L.","Milan","0","0","0","0","0","0","0","0","0","0","0","0","0"
"5674","C","C","Basic","Lazio","0","0","0","0","0","0","0","0","0","0","0","0","0"
"5688","C","M;C","Harroui","Frosinone","0","0","0","0","0","0","0","0","0","0","0","0","0"
"5719","C","M;C","Asllani","Inter","0","0","0","0","0","0","0","0","0","0","0","0","0"
"5798","C","M;C","Bohinen","Salernitana","0","0","0","0","0","0","0","0","0","0","0","0","0"
"6112","C","W","Iling Junior","Juventus","0","0","0","0","0","0","0","0","0","0","0","0","0"
"6218","C","W;T;A","Oristanio","Cagliari","0","0","0","0","0","0","0","0","0","0","0","0","0"
"694","C","W","Baez","Frosinone","0","0","0","0","0","0","0","0","0","0","0","0","0"
"2183","C","W;T","Garritano","Frosinone","0","0","0","0","0","0","0","0","0","0","0","0","0"
"4364","C","C;T","Gaetano","Napoli","0","0","0","0","0","0","0","0","0","0","0","0","0"
"4384","C","C","Jagiello","Genoa","0","0","0","0","0","0","0","0","0","0","0","0","0"
"4498","C","C;T","Henderson L.","Empoli","0","0","0","0","0","0","0","0","0","0","0","0","0"
"4501","C","M;C","Obiang","Sassuolo","0","0","0","0","0","0","0","0","0","0","0","0","0"
"4988","C","C","Maggiore","Salernitana","0","0","0","0","0","0","0","0","0","0","0","0","0"
"5286","C","M;C","Akpa Akpro","Lazio","0","0","0","0","0","0","0","0","0","0","0","0","0"
"5735","C","T","Volpato","Sassuolo","0","0","0","0","0","0","0","0","0","0","0","0","0"
"5782","C","C","Kourfalidis","Cagliari","0","0","0","0","0","0","0","0","0","0","0","0","0"
"5947","C","C","Hrustic","Verona","0","0","0","0","0","0","0","0","0","0","0","0","0"
"6024","C","M;C","Sulemana I.","Cagliari","0","0","0","0","0","0","0","0","0","0","0","0","0"
"6212","C","C","Zarraga","Udinese","0","0","0","0","0","0","0","0","0","0","0","0","0"
"6221","C","M;C","Camara E.","Udinese","0","0","0","0","0","0","0","0","0","0","0","0","0"
"6222","C","C;T","Rafia","Lecce","0","0","0","0","0","0","0","0","0","0","0","0","0"
"440","C","C","Viola","Cagliari","0","0","0","0","0","0","0","0","0","0","0","0","0"
"500","C","C","Lulic K.","Frosinone","0","0","0","0","0","0","0","0","0","0","0","0","0"
"2144","C","C","Coulibaly M.","Salernitana","0","0","0","0","0","0","0","0","0","0","0","0","0"
"2154","C","W;T","Vignato","Bologna","0","0","0","0","0","0","0","0","0","0","0","0","0"
"2274","C","C;T","Valoti","Monza","0","0","0","0","0","0","0","0","0","0","0","0","0"
"4349","C","M;C","Nicolussi Caviglia","Juventus","0","0","0","0","0","0","0","0","0","0","0","0","0"
"4870","C","M;C","Adopo","Atalanta","0","0","0","0","0","0","0","0","0","0","0","0","0"
"6106","C","T;A","Carboni V.","Monza","0","0","0","0","0","0","0","0","0","0","0","0","0"
"6175","C","M;C","Barrenechea","Frosinone","0","0","0","0","0","0","0","0","0","0","0","0","0"
"6203","C","M;C","Belardinelli","Empoli","0","0","0","0","0","0","0","0","0","0","0","0","0"
"6252","C","C;T","Folorunsho","Verona","0","0","0","0","0","0","0","0","0","0","0","0","0"
"6424","C","M;C","Prati","Cagliari","0","0","0","0","0","0","0","0","0","0","0","0","0"
"21","C","E;W","D'alessandro","Monza","0","0","0","0","0","0","0","0","0","0","0","0","0"
"557","C","C","Benassi","Fiorentina","0","0","0","0","0","0","0","0","0","0","0","0","0"
"2076","C","M;C","Rog","Cagliari","0","0","0","0","0","0","0","0","0","0","0","0","0"
"2121","C","C","Melegoni","Genoa","0","0","0","0","0","0","0","0","0","0","0","0","0"
"2286","C","C;T","Crociata","Empoli","0","0","0","0","0","0","0","0","0","0","0","0","0"
"4725","C","M","Demme","Napoli","0","0","0","0","0","0","0","0","0","0","0","0","0"
"5425","C","C;T","Urbanski","Bologna","0","0","0","0","0","0","0","0","0","0","0","0","0"
"5772","C","C;T","Pyyhtia","Bologna","0","0","0","0","0","0","0","0","0","0","0","0","0"
"5824","C","T;A","Pafundi","Udinese","0","0","0","0","0","0","0","0","0","0","0","0","0"
"5872","C","C;T","Helgason","Lecce","0","0","0","0","0","0","0","0","0","0","0","0","0"
"5875","C","T","Adli","Milan","0","0","0","0","0","0","0","0","0","0","0","0","0"
"5879","C","T;A","Vignato S.","Monza","0","0","0","0","0","0","0","0","0","0","0","0","0"
"5998","C","W","Zerbin","Napoli","0","0","0","0","0","0","0","0","0","0","0","0","0"
"6005","C","C;T","Ilkhan","Torino","0","0","0","0","0","0","0","0","0","0","0","0","0"
"6009","C","M;C","Degli Innocenti","Empoli","0","0","0","0","0","0","0","0","0","0","0","0","0"
"6168","C","M;C","Faticanti","Roma","0","0","0","0","0","0","0","0","0","0","0","0","0"
"6170","C","C","Gineitis","Torino","0","0","0","0","0","0","0","0","0","0","0","0","0"
"6225","C","M;C","El Azzouzi","Bologna","0","0","0","0","0","0","0","0","0","0","0","0","0"
"6233","C","C","Lella","Cagliari","0","0","0","0","0","0","0","0","0","0","0","0","0"
"6236","C","M;C","Amatucci","Fiorentina","0","0","0","0","0","0","0","0","0","0","0","0","0"
"6240","C","C;T","Haoudi","Frosinone","0","0","0","0","0","0","0","0","0","0","0","0","0"
"6241","C","C;W;T","Gelli","Frosinone","0","0","0","0","0","0","0","0","0","0","0","0","0"
"6246","C","M;C","Lipani","Sassuolo","0","0","0","0","0","0","0","0","0","0","0","0","0"
"6251","C","M;C","Saco","Napoli","0","0","0","0","0","0","0","0","0","0","0","0","0"
"6254","C","M;C","Joselito","Verona","0","0","0","0","0","0","0","0","0","0","0","0","0"
"6420","C","C;T","Pagano","Roma","0","0","0","0","0","0","0","0","0","0","0","0","0"
"6423","C","M;C","Legowski","Salernitana","0","0","0","0","0","0","0","0","0","0","0","0","0"
"4661","A","Pc","Osimhen","Napoli","0","0","0","0","0","0","0","0","0","0","0","0","0"
"2764","A","Pc","Martinez L.","Inter","0","0","0","0","0","0","0","0","0","0","0","0","0"
"785","A","Pc","Immobile","Lazio","0","0","0","0","0","0","0","0","0","0","0","0","0"
"4510","A","A","Rafael Leao","Milan","0","0","0","0","0","0","0","0","0","0","0","0","0"
"5839","A","A","Kvaratskhelia","Napoli","0","0","0","0","0","0","0","0","0","0","0","0","0"
"309","A","A","Dybala","Roma","0","0","0","0","0","0","0","0","0","0","0","0","0"
"531","A","A","Berardi","Sassuolo","0","0","0","0","0","0","0","0","0","0","0","0","0"
"2841","A","Pc","Vlahovic","Juventus","0","0","0","0","0","0","0","0","0","0","0","0","0"
"4730","A","A","Lookman","Atalanta","0","0","0","0","0","0","0","0","0","0","0","0","0"
"5672","A","Pc","Dia","Salernitana","0","0","0","0","0","0","0","0","0","0","0","0","0"
"2137","A","Pc","Scamacca","Atalanta","0","0","0","0","0","0","0","0","0","0","0","0","0"
"479","A","Pc","Sanabria","Torino","0","0","0","0","0","0","0","0","0","0","0","0","0"
"4200","A","Pc","Giroud","Milan","0","0","0","0","0","0","0","0","0","0","0","0","0"
"4268","A","Pc","Arnautovic","Inter","0","0","0","0","0","0","0","0","0","0","0","0","0"
"4871","A","Pc","Thuram","Inter","0","0","0","0","0","0","0","0","0","0","0","0","0"
"5336","A","Pc","Nzola","Fiorentina","0","0","0","0","0","0","0","0","0","0","0","0","0"
"6228","A","Pc","Retegui","Genoa","0","0","0","0","0","0","0","0","0","0","0","0","0"
"5694","A","Pc","Beto","Udinese","0","0","0","0","0","0","0","0","0","0","0","0","0"
"5786","A","Pc","Cabral","Fiorentina","0","0","0","0","0","0","0","0","0","0","0","0","0"
"6060","A","A","Lauriente'","Sassuolo","0","0","0","0","0","0","0","0","0","0","0","0","0"
"608","A","Pc","Zapata D.","Atalanta","0","0","0","0","0","0","0","0","0","0","0","0","0"
"2012","A","Pc","Milik","Juventus","0","0","0","0","0","0","0","0","0","0","0","0","0"
"2002","A","A","Chiesa","Juventus","0","0","0","0","0","0","0","0","0","0","0","0","0"
"6227","A","Pc","Okafor","Milan","0","0","0","0","0","0","0","0","0","0","0","0","0"
"6229","A","Pc","Toure' E.","Atalanta","0","0","0","0","0","0","0","0","0","0","0","0","0"
"6409","A","Pc","Beltran L.","Fiorentina","0","0","0","0","0","0","0","0","0","0","0","0","0"
"1939","A","Pc","Lapadula","Cagliari","0","0","0","0","0","0","0","0","0","0","0","0","0"
"2544","A","Pc","Abraham","Roma","0","0","0","0","0","0","0","0","0","0","0","0","0"
"2819","A","Pc","Caputo","Empoli","0","0","0","0","0","0","0","0","0","0","0","0","0"
"4179","A","A","Gonzalez N.","Fiorentina","0","0","0","0","0","0","0","0","0","0","0","0","0"
"507","A","Pc","Muriel","Atalanta","0","0","0","0","0","0","0","0","0","0","0","0","0"
"1958","A","A","Caprari","Monza","0","0","0","0","0","0","0","0","0","0","0","0","0"
"2119","A","A","Deulofeu","Udinese","0","0","0","0","0","0","0","0","0","0","0","0","0"
"2438","A","Pc","Jovic","Fiorentina","0","0","0","0","0","0","0","0","0","0","0","0","0"
"2719","A","A","Barrow","Bologna","0","0","0","0","0","0","0","0","0","0","0","0","0"
"383","A","Pc","Petagna","Monza","0","0","0","0","0","0","0","0","0","0","0","0","0"
"2038","A","Pc","Pinamonti","Sassuolo","0","0","0","0","0","0","0","0","0","0","0","0","0"
"2061","A","Pc","Simeone","Napoli","0","0","0","0","0","0","0","0","0","0","0","0","0"
"5311","A","Pc","Shomurodov","Cagliari","0","0","0","0","0","0","0","0","0","0","0","0","0"
"5836","A","Pc","Ceesay","Lecce","0","0","0","0","0","0","0","0","0","0","0","0","0"
"6226","A","Pc","Castellanos","Lazio","0","0","0","0","0","0","0","0","0","0","0","0","0"
"2489","A","A","Pedro","Lazio","0","0","0","0","0","0","0","0","0","0","0","0","0"
"4436","A","A","Cambiaghi","Atalanta","0","0","0","0","0","0","0","0","0","0","0","0","0"
"4517","A","A","Lozano","Napoli","0","0","0","0","0","0","0","0","0","0","0","0","0"
"5529","A","Pc","Henry","Verona","0","0","0","0","0","0","0","0","0","0","0","0","0"
"6145","A","A","Ngonge","Verona","0","0","0","0","0","0","0","0","0","0","0","0","0"
"6398","A","A","Isaksen","Lazio","0","0","0","0","0","0","0","0","0","0","0","0","0"
"495","A","A","Correa","Inter","0","0","0","0","0","0","0","0","0","0","0","0","0"
"2097","A","Pc","Kean","Juventus","0","0","0","0","0","0","0","0","0","0","0","0","0"
"2369","A","A","Thauvin","Udinese","0","0","0","0","0","0","0","0","0","0","0","0","0"
"4184","A","W;A","Brekalo","Fiorentina","0","0","0","0","0","0","0","0","0","0","0","0","0"
"5086","A","Pc","Zirkzee","Bologna","0","0","0","0","0","0","0","0","0","0","0","0","0"
"5882","A","A","Mota","Monza","0","0","0","0","0","0","0","0","0","0","0","0","0"
"6205","A","Pc","Mulattieri","Sassuolo","0","0","0","0","0","0","0","0","0","0","0","0","0"
"6213","A","Pc","Brenner","Udinese","0","0","0","0","0","0","0","0","0","0","0","0","0"
"6435","A","Pc","Krstovic","Lecce","0","0","0","0","0","0","0","0","0","0","0","0","0"
"2325","A","A","Karamoh","Torino","0","0","0","0","0","0","0","0","0","0","0","0","0"
"4371","A","A","Raspadori","Napoli","0","0","0","0","0","0","0","0","0","0","0","0","0"
"4923","A","Pc","Colombo","Milan","0","0","0","0","0","0","0","0","0","0","0","0","0"
"6207","A","A","Almqvist","Lecce","0","0","0","0","0","0","0","0","0","0","0","0","0"
"441","A","Pc","Belotti","Roma","0","0","0","0","0","0","0","0","0","0","0","0","0"
"643","A","A","Defrel","Sassuolo","0","0","0","0","0","0","0","0","0","0","0","0","0"
"2762","A","A","Kouame'","Fiorentina","0","0","0","0","0","0","0","0","0","0","0","0","0"
"5471","A","Pc","Djuric","Verona","0","0","0","0","0","0","0","0","0","0","0","0","0"
"1857","A","A","Di Francesco F.","Lecce","0","0","0","0","0","0","0","0","0","0","0","0","0"
"2103","A","Pc","Pellegri","Torino","0","0","0","0","0","0","0","0","0","0","0","0","0"
"5297","A","A","Luvumbo","Cagliari","0","0","0","0","0","0","0","0","0","0","0","0","0"
"5842","A","Pc","Botheim","Salernitana","0","0","0","0","0","0","0","0","0","0","0","0","0"
"6001","A","A","Banda","Lecce","0","0","0","0","0","0","0","0","0","0","0","0","0"
"6119","A","A","Solbakken","Roma","0","0","0","0","0","0","0","0","0","0","0","0","0"
"505","A","A","Bonazzoli","Verona","0","0","0","0","0","0","0","0","0","0","0","0","0"
"4359","A","Pc","Piccoli","Empoli","0","0","0","0","0","0","0","0","0","0","0","0","0"
"5676","A","A","Success","Udinese","0","0","0","0","0","0","0","0","0","0","0","0","0"
"5364","A","A","Caso","Frosinone","0","0","0","0","0","0","0","0","0","0","0","0","0"
"6215","A","Pc","Lucca","Udinese","0","0","0","0","0","0","0","0","0","0","0","0","0"
"90","A","Pc","Lasagna","Verona","0","0","0","0","0","0","0","0","0","0","0","0","0"
"2190","A","Pc","Coda M.","Genoa","0","0","0","0","0","0","0","0","0","0","0","0","0"
"5500","A","A","Cancellieri","Empoli","0","0","0","0","0","0","0","0","0","0","0","0","0"
"5845","A","Pc","Alvarez A.","Sassuolo","0","0","0","0","0","0","0","0","0","0","0","0","0"
"247","A","Pc","Pavoletti","Cagliari","0","0","0","0","0","0","0","0","0","0","0","0","0"
"5734","A","W;A","Soule'","Juventus","0","0","0","0","0","0","0","0","0","0","0","0","0"
"6214","A","Pc","Cuni","Frosinone","0","0","0","0","0","0","0","0","0","0","0","0","0"
"2466","A","Pc","Origi","Milan","0","0","0","0","0","0","0","0","0","0","0","0","0"
"4463","A","Pc","Esposito","Inter","0","0","0","0","0","0","0","0","0","0","0","0","0"
"5806","A","A","Seck","Torino","0","0","0","0","0","0","0","0","0","0","0","0","0"
"6204","A","A","Kvernadze","Frosinone","0","0","0","0","0","0","0","0","0","0","0","0","0"
"281","A","Pc","Puscas","Genoa","0","0","0","0","0","0","0","0","0","0","0","0","0"
"5439","A","A","Kallon","Verona","0","0","0","0","0","0","0","0","0","0","0","0","0"
"2122","A","Pc","Latte Lath","Atalanta","0","0","0","0","0","0","0","0","0","0","0","0","0"
"5060","A","A","Ake' M.","Udinese","0","0","0","0","0","0","0","0","0","0","0","0","0"
"5391","A","Pc","Kokorin","Fiorentina","0","0","0","0","0","0","0","0","0","0","0","0","0"
"5395","A","A","Braaf","Verona","0","0","0","0","0","0","0","0","0","0","0","0","0"
"5436","A","Pc","Raimondo","Bologna","0","0","0","0","0","0","0","0","0","0","0","0","0"
"5505","A","Pc","Kaio Jorge","Juventus","0","0","0","0","0","0","0","0","0","0","0","0","0"
"5506","A","A","Ekuban","Genoa","0","0","0","0","0","0","0","0","0","0","0","0","0"
"5776","A","A","Ceide","Sassuolo","0","0","0","0","0","0","0","0","0","0","0","0","0"
"5837","A","Pc","Voelkerling Persson","Lecce","0","0","0","0","0","0","0","0","0","0","0","0","0"
"5843","A","A","Valencia D.","Salernitana","0","0","0","0","0","0","0","0","0","0","0","0","0"
"5874","A","A","Rodriguez P.","Lecce","0","0","0","0","0","0","0","0","0","0","0","0","0"
"6011","A","A","Ekong","Empoli","0","0","0","0","0","0","0","0","0","0","0","0","0"
"6160","A","Pc","Vivaldo","Udinese","0","0","0","0","0","0","0","0","0","0","0","0","0"
"6242","A","A","Bidaoui","Frosinone","0","0","0","0","0","0","0","0","0","0","0","0","0"
"6243","A","Pc","Borrelli","Frosinone","0","0","0","0","0","0","0","0","0","0","0","0","0"
"6247","A","Pc","Yalcin","Genoa","0","0","0","0","0","0","0","0","0","0","0","0","0"
"6249","A","Pc","Diaw","Monza","0","0","0","0","0","0","0","0","0","0","0","0","0"
"6250","A","Pc","Maric","Monza","0","0","0","0","0","0","0","0","0","0","0","0","0"
"6395","A","Pc","Shpendi S.","Empoli","0","0","0","0","0","0","0","0","0","0","0","0","0"
"6418","A","Pc","Burnete","Lecce","0","0","0","0","0","0","0","0","0","0","0","0","0"
"6419","A","A","Corfitzen","Lecce","0","0","0","0","0","0","0","0","0","0","0","0","0"
"6425","A","Pc","Ikwuemesi","Salernitana","0","0","0","0","0","0","0","0","0","0","0","0","0"
"6427","A","Pc","Stewart","Salernitana","0","0","0","0","0","0","0","0","0","0","0","0","0"
"6434","A","A","Yildiz","Juventus","0","0","0","0","0","0","0","0","0","0","0","0","0"
